<configs>	
	<insertBefore xpath="/buffs/buff[@name='buffStatusCheck01']">
		<buff name="buffPersistentInfectionControl" hidden="true" remove_on_death="false"> 
			<update_rate value="1"/>
			<effect_group>
				<!-- Set infection to 1 on game start -->
				<triggered_effect trigger="onSelfBuffStart" action="ModifyCVar" cvar="infectionCounter" operation="set" value="1"/>
				<triggered_effect trigger="onSelfBuffStart" action="AddBuff" buff="buffInfectionMain"/>
				
				<!-- Set infection to always be 1 v
				<triggered_effect trigger="onSelfBuffUpdate" action="ModifyCVar" cvar="infectionCounter" operation="set" value="1">
					<requirement name="CVarCompare" cvar="infectionCounter" operation="LT" value="1"/>
				</triggered_effect>				
				
				<triggered_effect trigger="onSelfBuffUpdate" action="AddBuff" buff="buffInfectionMain">
					<requirement name="CVarCompare" cvar="infectionCounter" operation="GT" value="1"/>
				</triggered_effect> -->
			</effect_group>
		</buff>
	</insertBefore>
	
	<append xpath="/buffs/buff[@name='buffInfectionCureDisplay']">	
		<effect_group>
			<triggered_effect trigger="onSelfBuffRemove" action="ModifyCVar" cvar="infectionCounter" operation="set" value="1">
				<requirement name="CVarCompare" cvar="infectionCounter" operation="LT" value="1"/>
			</triggered_effect>				
			<triggered_effect trigger="onSelfBuffRemove" action="AddBuff" buff="buffInfectionMain"/>
			
			<triggered_effect trigger="onSelfBuffFinish" action="ModifyCVar" cvar="infectionCounter" operation="set" value="1">
				<requirement name="CVarCompare" cvar="infectionCounter" operation="LT" value="1"/>
			</triggered_effect>				
			<triggered_effect trigger="onSelfBuffFinish" action="AddBuff" buff="buffInfectionMain"/>
		</effect_group>
	</append>
</configs>

