<config>
	<set xpath="/items/item[@name='meleeHandZombie01']/effect_group/triggered_effect[@action='ModifyCVar'][@cvar='infectionCounter']/@value">750</set>
	<set xpath="/items/item[@name='meleeHandZombie02']/effect_group/triggered_effect[@action='ModifyCVar'][@cvar='infectionCounter']/@value">750</set>
	<set xpath="/items/item[@name='meleeHandZombieFeral']/effect_group/triggered_effect[@action='ModifyCVar'][@cvar='infectionCounter']/@value">1350</set>
	<set xpath="/items/item[@name='meleeHandZombie02Feral']/effect_group/triggered_effect[@action='ModifyCVar'][@cvar='infectionCounter']/@value">1350</set>
	<set xpath="/items/item[@name='meleeHandZombieBurning']/effect_group/triggered_effect[@action='ModifyCVar'][@cvar='infectionCounter']/@value">750</set>
	<set xpath="/items/item[@name='meleeHandZombieBurningFeral']/effect_group/triggered_effect[@action='ModifyCVar'][@cvar='infectionCounter']/@value">1350</set>
	<set xpath="/items/item[@name='meleeHandZombieBurningCrawler']/effect_group/triggered_effect[@action='ModifyCVar'][@cvar='infectionCounter']/@value">750</set>
	<set xpath="/items/item[@name='meleeHandZombieCop']/effect_group/triggered_effect[@action='ModifyCVar'][@cvar='infectionCounter']/@value">750</set>
	<set xpath="/items/item[@name='ammoProjectileZombieVomit']/effect_group/triggered_effect[@action='ModifyCVar'][@cvar='infectionCounter']/@value">750</set>
	<set xpath="/items/item[@name='meleeHandZombieCopFeral']/effect_group/triggered_effect[@action='ModifyCVar'][@cvar='infectionCounter']/@value">1350</set>
	<set xpath="/items/item[@name='ammoProjectileZombieVomitFeral']/effect_group/triggered_effect[@action='ModifyCVar'][@cvar='infectionCounter']/@value">1350</set>
	<set xpath="/items/item[@name='meleeHandZombieCopRadiated']/effect_group/triggered_effect[@action='ModifyCVar'][@cvar='infectionCounter']/@value">1500</set>
	<set xpath="/items/item[@name='ammoProjectileZombieVomitRadiated']/effect_group/triggered_effect[@action='ModifyCVar'][@cvar='infectionCounter']/@value">1500</set>
	<set xpath="/items/item[@name='meleeHandzombieMutated']/effect_group/triggered_effect[@action='ModifyCVar'][@cvar='infectionCounter']/@value">750</set>
	<set xpath="/items/item[@name='meleeHandzombieMutatedFeral']/effect_group/triggered_effect[@action='ModifyCVar'][@cvar='infectionCounter']/@value">1350</set>
	<set xpath="/items/item[@name='meleeHandzombieMutatedRadiated']/effect_group/triggered_effect[@action='ModifyCVar'][@cvar='infectionCounter']/@value">1500</set>
	<set xpath="/items/item[@name='ammoProjectileZombieMutated']/effect_group/triggered_effect[@action='ModifyCVar'][@cvar='infectionCounter']/@value">750</set>
	<set xpath="/items/item[@name='meleeHandAnimalZombieDog']/effect_group/triggered_effect[@action='ModifyCVar'][@cvar='infectionCounter']/@value">750</set>
	<set xpath="/items/item[@name='meleeHandZombieStrong']/effect_group/triggered_effect[@action='ModifyCVar'][@cvar='infectionCounter']/@value">750</set>
	<set xpath="/items/item[@name='meleeHandZombieStrongFeral']/effect_group/triggered_effect[@action='ModifyCVar'][@cvar='infectionCounter']/@value">1350</set>
	<set xpath="/items/item[@name='meleeHandAnimalZombieBear']/effect_group/triggered_effect[@action='ModifyCVar'][@cvar='infectionCounter']/@value">750</set>
	<set xpath="/items/item[@name='meleeHandAnimalZombieBearFeral']/effect_group/triggered_effect[@action='ModifyCVar'][@cvar='infectionCounter']/@value">1350</set>
	<set xpath="/items/item[@name='meleeHandZombieWorker']/effect_group/triggered_effect[@action='ModifyCVar'][@cvar='infectionCounter']/@value">750</set>
	<set xpath="/items/item[@name='meleeHandZombieWorkerFeral']/effect_group/triggered_effect[@action='ModifyCVar'][@cvar='infectionCounter']/@value">1350</set>
	<set xpath="/items/item[@name='meleeHandZombiePartyGirl']/effect_group/triggered_effect[@action='ModifyCVar'][@cvar='infectionCounter']/@value">750</set>
	<set xpath="/items/item[@name='meleeHandZombiePartyGirlFeral']/effect_group/triggered_effect[@action='ModifyCVar'][@cvar='infectionCounter']/@value">1350</set>
	<set xpath="/items/item[@name='meleeHandAnimalZombieVulture']/effect_group/triggered_effect[@action='ModifyCVar'][@cvar='infectionCounter']/@value">1350</set>
	<set xpath="/items/item[@name='meleeHandAnimalZombieVultureRadiated']/effect_group/triggered_effect[@action='ModifyCVar'][@cvar='infectionCounter']/@value">1500</set>
	<set xpath="/items/item[@name='ammoProjectileVultureVomit']/effect_group/triggered_effect[@action='ModifyCVar'][@cvar='infectionCounter']/@value">1350</set>
</config>